CREATE TABLE artist(
id INTEGER PRIMARY KEY,
whatid INTEGER UNIQUE,
name TEXT
);
INSERT INTO "artist" VALUES (1, 224, 'charles mingus');
CREATE TABLE artist_gids(
id INTEGER PRIMARY KEY,
artist INTEGER,
gid TEXT,
FOREIGN KEY(artist) REFERENCES artist(id)
);
INSERT INTO "artist_gids" VALUES (2, 1, 'e9bb874a-99da-456c-ba6c-f65c6e3b9c7b');
INSERT INTO "artist_gids" VALUES (3, 1, '67911f0e-094c-481e-b4e7-69b95e804cd6');
INSERT INTO "artist_gids" VALUES (4, 1, '597429b8-05a8-4f27-902f-8c8838033810');
INSERT INTO "artist_gids" VALUES (5, 1, '6e81c4d7-ba13-4cbc-8d8f-dd694931679c');
INSERT INTO "artist_gids" VALUES (6, 1, 'aa70134b-88a8-45b1-9cb3-e26aea45553e');
INSERT INTO "artist_gids" VALUES (7, 1, 'f503cc5d-2f10-4d0d-9225-3c4db9cb85e5');
INSERT INTO "artist_gids" VALUES (8, 1, 'af55ba24-a8d7-4465-b22b-51371a5db5e3');
CREATE TABLE artist_html(
id INTEGER PRIMARY KEY,
artist INTEGER UNIQUE,
filename TEXT,
FOREIGN KEY(artist) REFERENCES artist(id)
);
INSERT INTO "artist_html" VALUES (1, 1, '/www/scatterbrainz/scatterbrainz/external/dbs/what/bh0085_files/7.html');
CREATE TABLE artist_release(
id INTEGER PRIMARY KEY,
artist INTEGER,
release INTEGER UNIQUE,
FOREIGN KEY(release) REFERENCES release(id),
FOREIGN KEY(artist) REFERENCES artist(id)
);
INSERT INTO "artist_release" VALUES (1, 1, 1);
INSERT INTO "artist_release" VALUES (2, 1, 2);
INSERT INTO "artist_release" VALUES (3, 1, 3);
INSERT INTO "artist_release" VALUES (4, 1, 4);
INSERT INTO "artist_release" VALUES (5, 1, 5);
INSERT INTO "artist_release" VALUES (6, 1, 6);
INSERT INTO "artist_release" VALUES (7, 1, 7);
INSERT INTO "artist_release" VALUES (8, 1, 8);
INSERT INTO "artist_release" VALUES (9, 1, 9);
INSERT INTO "artist_release" VALUES (10, 1, 10);
INSERT INTO "artist_release" VALUES (11, 1, 11);
INSERT INTO "artist_release" VALUES (12, 1, 12);
INSERT INTO "artist_release" VALUES (13, 1, 13);
INSERT INTO "artist_release" VALUES (14, 1, 14);
INSERT INTO "artist_release" VALUES (15, 1, 15);
INSERT INTO "artist_release" VALUES (16, 1, 16);
INSERT INTO "artist_release" VALUES (17, 1, 17);
INSERT INTO "artist_release" VALUES (18, 1, 18);
INSERT INTO "artist_release" VALUES (19, 1, 19);
INSERT INTO "artist_release" VALUES (20, 1, 20);
INSERT INTO "artist_release" VALUES (21, 1, 21);
INSERT INTO "artist_release" VALUES (22, 1, 22);
INSERT INTO "artist_release" VALUES (23, 1, 23);
INSERT INTO "artist_release" VALUES (24, 1, 24);
INSERT INTO "artist_release" VALUES (25, 1, 25);
INSERT INTO "artist_release" VALUES (26, 1, 26);
INSERT INTO "artist_release" VALUES (27, 1, 27);
INSERT INTO "artist_release" VALUES (28, 1, 28);
INSERT INTO "artist_release" VALUES (29, 1, 29);
INSERT INTO "artist_release" VALUES (30, 1, 30);
INSERT INTO "artist_release" VALUES (31, 1, 31);
INSERT INTO "artist_release" VALUES (32, 1, 32);
INSERT INTO "artist_release" VALUES (33, 1, 33);
INSERT INTO "artist_release" VALUES (34, 1, 34);
INSERT INTO "artist_release" VALUES (35, 1, 35);
INSERT INTO "artist_release" VALUES (36, 1, 36);
INSERT INTO "artist_release" VALUES (37, 1, 37);
INSERT INTO "artist_release" VALUES (38, 1, 38);
INSERT INTO "artist_release" VALUES (39, 1, 39);
INSERT INTO "artist_release" VALUES (40, 1, 40);
INSERT INTO "artist_release" VALUES (41, 1, 41);
INSERT INTO "artist_release" VALUES (42, 1, 42);
INSERT INTO "artist_release" VALUES (43, 1, 43);
INSERT INTO "artist_release" VALUES (44, 1, 44);
INSERT INTO "artist_release" VALUES (45, 1, 45);
INSERT INTO "artist_release" VALUES (46, 1, 46);
INSERT INTO "artist_release" VALUES (47, 1, 47);
INSERT INTO "artist_release" VALUES (48, 1, 48);
INSERT INTO "artist_release" VALUES (49, 1, 49);
INSERT INTO "artist_release" VALUES (50, 1, 50);
INSERT INTO "artist_release" VALUES (51, 1, 51);
INSERT INTO "artist_release" VALUES (52, 1, 52);
INSERT INTO "artist_release" VALUES (53, 1, 53);
INSERT INTO "artist_release" VALUES (54, 1, 54);
INSERT INTO "artist_release" VALUES (55, 1, 55);
INSERT INTO "artist_release" VALUES (56, 1, 56);
INSERT INTO "artist_release" VALUES (57, 1, 57);
INSERT INTO "artist_release" VALUES (58, 1, 58);
INSERT INTO "artist_release" VALUES (59, 1, 59);
INSERT INTO "artist_release" VALUES (60, 1, 60);
INSERT INTO "artist_release" VALUES (61, 1, 61);
INSERT INTO "artist_release" VALUES (62, 1, 62);
INSERT INTO "artist_release" VALUES (63, 1, 63);
INSERT INTO "artist_release" VALUES (64, 1, 64);
INSERT INTO "artist_release" VALUES (65, 1, 65);
INSERT INTO "artist_release" VALUES (66, 1, 66);
INSERT INTO "artist_release" VALUES (67, 1, 67);
INSERT INTO "artist_release" VALUES (68, 1, 68);
INSERT INTO "artist_release" VALUES (69, 1, 69);
INSERT INTO "artist_release" VALUES (70, 1, 70);
INSERT INTO "artist_release" VALUES (71, 1, 71);
INSERT INTO "artist_release" VALUES (72, 1, 72);
INSERT INTO "artist_release" VALUES (73, 1, 73);
INSERT INTO "artist_release" VALUES (74, 1, 74);
INSERT INTO "artist_release" VALUES (75, 1, 75);
INSERT INTO "artist_release" VALUES (76, 1, 76);
INSERT INTO "artist_release" VALUES (77, 1, 77);
INSERT INTO "artist_release" VALUES (78, 1, 78);
INSERT INTO "artist_release" VALUES (79, 1, 79);
INSERT INTO "artist_release" VALUES (80, 1, 80);
INSERT INTO "artist_release" VALUES (81, 1, 81);
INSERT INTO "artist_release" VALUES (82, 1, 82);
INSERT INTO "artist_release" VALUES (83, 1, 83);
INSERT INTO "artist_release" VALUES (84, 1, 84);
INSERT INTO "artist_release" VALUES (85, 1, 85);
INSERT INTO "artist_release" VALUES (86, 1, 86);
INSERT INTO "artist_release" VALUES (87, 1, 87);
INSERT INTO "artist_release" VALUES (88, 1, 88);
INSERT INTO "artist_release" VALUES (89, 1, 89);
INSERT INTO "artist_release" VALUES (90, 1, 90);
INSERT INTO "artist_release" VALUES (91, 1, 91);
INSERT INTO "artist_release" VALUES (92, 1, 92);
INSERT INTO "artist_release" VALUES (93, 1, 93);
INSERT INTO "artist_release" VALUES (94, 1, 94);
INSERT INTO "artist_release" VALUES (95, 1, 95);
INSERT INTO "artist_release" VALUES (96, 1, 96);
INSERT INTO "artist_release" VALUES (97, 1, 97);
INSERT INTO "artist_release" VALUES (98, 1, 98);
INSERT INTO "artist_release" VALUES (99, 1, 99);
INSERT INTO "artist_release" VALUES (100, 1, 100);
INSERT INTO "artist_release" VALUES (101, 1, 101);
INSERT INTO "artist_release" VALUES (102, 1, 102);
INSERT INTO "artist_release" VALUES (103, 1, 103);
INSERT INTO "artist_release" VALUES (104, 1, 104);
INSERT INTO "artist_release" VALUES (105, 1, 105);
INSERT INTO "artist_release" VALUES (106, 1, 106);
INSERT INTO "artist_release" VALUES (107, 1, 107);
INSERT INTO "artist_release" VALUES (108, 1, 108);
INSERT INTO "artist_release" VALUES (109, 1, 109);
INSERT INTO "artist_release" VALUES (110, 1, 110);
INSERT INTO "artist_release" VALUES (111, 1, 111);
INSERT INTO "artist_release" VALUES (112, 1, 112);
INSERT INTO "artist_release" VALUES (113, 1, 113);
INSERT INTO "artist_release" VALUES (114, 1, 114);
INSERT INTO "artist_release" VALUES (115, 1, 115);
INSERT INTO "artist_release" VALUES (116, 1, 116);
INSERT INTO "artist_release" VALUES (117, 1, 117);
INSERT INTO "artist_release" VALUES (118, 1, 118);
INSERT INTO "artist_release" VALUES (119, 1, 119);
INSERT INTO "artist_release" VALUES (120, 1, 120);
INSERT INTO "artist_release" VALUES (121, 1, 121);
INSERT INTO "artist_release" VALUES (122, 1, 122);
INSERT INTO "artist_release" VALUES (123, 1, 123);
INSERT INTO "artist_release" VALUES (124, 1, 124);
INSERT INTO "artist_release" VALUES (125, 1, 125);
INSERT INTO "artist_release" VALUES (126, 1, 126);
INSERT INTO "artist_release" VALUES (127, 1, 127);
INSERT INTO "artist_release" VALUES (128, 1, 128);
INSERT INTO "artist_release" VALUES (129, 1, 129);
INSERT INTO "artist_release" VALUES (130, 1, 130);
INSERT INTO "artist_release" VALUES (131, 1, 131);
INSERT INTO "artist_release" VALUES (132, 1, 132);
INSERT INTO "artist_release" VALUES (133, 1, 133);
INSERT INTO "artist_release" VALUES (134, 1, 134);
INSERT INTO "artist_release" VALUES (135, 1, 135);
INSERT INTO "artist_release" VALUES (136, 1, 136);
CREATE TABLE config(
id INTEGER PRIMARY KEY,
name TEXT UNIQUE,
value TEXT
);
INSERT INTO "config" VALUES (1, 'db_path', '/www/scatterbrainz/scatterbrainz/external/dbs/what');
INSERT INTO "config" VALUES (2, 'db_file', '/www/scatterbrainz/scatterbrainz/external/dbs/what/what_bh0085.sqlite');
INSERT INTO "config" VALUES (3, 'db_filepath', '/www/scatterbrainz/scatterbrainz/external/dbs/what/bh0085_files');
CREATE TABLE release(
id INTEGER PRIMARY KEY,
whatid INTEGER UNIQUE,
name TEXT
);
INSERT INTO "release" VALUES (1, 629620, 'Legendary Trios ');
INSERT INTO "release" VALUES (2, 744557, 'Lock ''Em Up ');
INSERT INTO "release" VALUES (3, 494568, 'Finest Hour ');
INSERT INTO "release" VALUES (4, 778656, 'Epitaph ');
INSERT INTO "release" VALUES (5, 331221, 'Me, Myself an Eye ');
INSERT INTO "release" VALUES (6, 81483, 'Three or Four Shades of Blues ');
INSERT INTO "release" VALUES (7, 12394, 'Lionel Hampton Present...Charles Mingus ');
INSERT INTO "release" VALUES (8, 331217, 'Club Montmartre ');
INSERT INTO "release" VALUES (9, 504873, 'Cumbia & Jazz Fusion ');
INSERT INTO "release" VALUES (10, 83573, 'Changes Two ');
INSERT INTO "release" VALUES (11, 147632, NULL);
INSERT INTO "release" VALUES (12, 102226, NULL);
INSERT INTO "release" VALUES (13, 78228, NULL);
INSERT INTO "release" VALUES (14, 82091, NULL);
INSERT INTO "release" VALUES (15, 308346, NULL);
INSERT INTO "release" VALUES (16, 158217, NULL);
INSERT INTO "release" VALUES (17, 32375, NULL);
INSERT INTO "release" VALUES (18, 97408, NULL);
INSERT INTO "release" VALUES (19, 133661, NULL);
INSERT INTO "release" VALUES (20, 700549, 'Oh Yeah ');
INSERT INTO "release" VALUES (21, 18323, NULL);
INSERT INTO "release" VALUES (22, 561262, NULL);
INSERT INTO "release" VALUES (23, 472858, NULL);
INSERT INTO "release" VALUES (24, 41697, NULL);
INSERT INTO "release" VALUES (25, 99150, NULL);
INSERT INTO "release" VALUES (26, 69283, NULL);
INSERT INTO "release" VALUES (27, 101779, NULL);
INSERT INTO "release" VALUES (28, 108982, NULL);
INSERT INTO "release" VALUES (29, 331197, NULL);
INSERT INTO "release" VALUES (30, 46646, NULL);
INSERT INTO "release" VALUES (31, 73524, NULL);
INSERT INTO "release" VALUES (32, 106195, NULL);
INSERT INTO "release" VALUES (33, 108059, NULL);
INSERT INTO "release" VALUES (34, 153231, NULL);
INSERT INTO "release" VALUES (35, 324217, NULL);
INSERT INTO "release" VALUES (36, 329798, NULL);
INSERT INTO "release" VALUES (37, 24699, NULL);
INSERT INTO "release" VALUES (38, 347252, NULL);
INSERT INTO "release" VALUES (39, 16922, NULL);
INSERT INTO "release" VALUES (40, 126879, NULL);
INSERT INTO "release" VALUES (41, 128263, NULL);
INSERT INTO "release" VALUES (42, 331190, NULL);
INSERT INTO "release" VALUES (43, 128265, NULL);
INSERT INTO "release" VALUES (44, 588315, NULL);
INSERT INTO "release" VALUES (45, 666339, NULL);
INSERT INTO "release" VALUES (46, 766355, NULL);
INSERT INTO "release" VALUES (47, 460358, NULL);
INSERT INTO "release" VALUES (48, 613378, NULL);
INSERT INTO "release" VALUES (49, 716469, NULL);
INSERT INTO "release" VALUES (50, 357312, NULL);
INSERT INTO "release" VALUES (51, 112482, NULL);
INSERT INTO "release" VALUES (52, 378858, NULL);
INSERT INTO "release" VALUES (53, 688442, NULL);
INSERT INTO "release" VALUES (54, 88824, NULL);
INSERT INTO "release" VALUES (55, 96457, NULL);
INSERT INTO "release" VALUES (56, 709667, NULL);
INSERT INTO "release" VALUES (57, 410197, NULL);
INSERT INTO "release" VALUES (58, 428293, NULL);
INSERT INTO "release" VALUES (59, 597442, NULL);
INSERT INTO "release" VALUES (60, 709199, NULL);
INSERT INTO "release" VALUES (61, 343591, NULL);
INSERT INTO "release" VALUES (62, 495006, NULL);
INSERT INTO "release" VALUES (63, 658007, NULL);
INSERT INTO "release" VALUES (64, 470237, NULL);
INSERT INTO "release" VALUES (65, 118795, NULL);
INSERT INTO "release" VALUES (66, 22011, NULL);
INSERT INTO "release" VALUES (67, 191188, NULL);
INSERT INTO "release" VALUES (68, 130705, NULL);
INSERT INTO "release" VALUES (69, 344742, NULL);
INSERT INTO "release" VALUES (70, 306963, NULL);
INSERT INTO "release" VALUES (71, 724785, NULL);
INSERT INTO "release" VALUES (72, 268731, NULL);
INSERT INTO "release" VALUES (73, 655481, NULL);
INSERT INTO "release" VALUES (74, 674213, NULL);
INSERT INTO "release" VALUES (75, 732169, NULL);
INSERT INTO "release" VALUES (76, 596978, NULL);
INSERT INTO "release" VALUES (77, 106015, NULL);
INSERT INTO "release" VALUES (78, 361698, NULL);
INSERT INTO "release" VALUES (79, 690102, NULL);
INSERT INTO "release" VALUES (80, 490513, NULL);
INSERT INTO "release" VALUES (81, 489640, NULL);
INSERT INTO "release" VALUES (82, 236099, NULL);
INSERT INTO "release" VALUES (83, 491471, NULL);
INSERT INTO "release" VALUES (84, 652054, NULL);
INSERT INTO "release" VALUES (85, 8532, NULL);
INSERT INTO "release" VALUES (86, 697792, NULL);
INSERT INTO "release" VALUES (87, 636099, NULL);
INSERT INTO "release" VALUES (88, 651637, NULL);
INSERT INTO "release" VALUES (89, 639240, NULL);
INSERT INTO "release" VALUES (90, 118264, NULL);
INSERT INTO "release" VALUES (91, 101133, NULL);
INSERT INTO "release" VALUES (92, 548720, NULL);
INSERT INTO "release" VALUES (93, 145053, NULL);
INSERT INTO "release" VALUES (94, 686129, NULL);
INSERT INTO "release" VALUES (95, 190449, NULL);
INSERT INTO "release" VALUES (96, 309430, NULL);
INSERT INTO "release" VALUES (97, 73875, NULL);
INSERT INTO "release" VALUES (98, 78245, NULL);
INSERT INTO "release" VALUES (99, 163280, NULL);
INSERT INTO "release" VALUES (100, 772875, NULL);
INSERT INTO "release" VALUES (101, 717693, NULL);
INSERT INTO "release" VALUES (102, 339289, NULL);
INSERT INTO "release" VALUES (103, 484575, NULL);
INSERT INTO "release" VALUES (104, 700417, NULL);
INSERT INTO "release" VALUES (105, 216350, NULL);
INSERT INTO "release" VALUES (106, 676655, NULL);
INSERT INTO "release" VALUES (107, 620900, NULL);
INSERT INTO "release" VALUES (108, 693847, NULL);
INSERT INTO "release" VALUES (109, 596064, NULL);
INSERT INTO "release" VALUES (110, 104215, NULL);
INSERT INTO "release" VALUES (111, 136129, NULL);
INSERT INTO "release" VALUES (112, 731971, NULL);
INSERT INTO "release" VALUES (113, 731973, NULL);
INSERT INTO "release" VALUES (114, 9140, NULL);
INSERT INTO "release" VALUES (115, 323422, NULL);
INSERT INTO "release" VALUES (116, 324981, NULL);
INSERT INTO "release" VALUES (117, 776442, NULL);
INSERT INTO "release" VALUES (118, 235884, NULL);
INSERT INTO "release" VALUES (119, 494566, NULL);
INSERT INTO "release" VALUES (120, 135318, NULL);
INSERT INTO "release" VALUES (121, 78703, NULL);
INSERT INTO "release" VALUES (122, 30931, NULL);
INSERT INTO "release" VALUES (123, 71919, NULL);
INSERT INTO "release" VALUES (124, 330166, NULL);
INSERT INTO "release" VALUES (125, 114024, NULL);
INSERT INTO "release" VALUES (126, 202995, NULL);
INSERT INTO "release" VALUES (127, 23006, NULL);
INSERT INTO "release" VALUES (128, 129693, NULL);
INSERT INTO "release" VALUES (129, 347256, NULL);
INSERT INTO "release" VALUES (130, 267791, NULL);
INSERT INTO "release" VALUES (131, 321440, NULL);
INSERT INTO "release" VALUES (132, 47166, NULL);
INSERT INTO "release" VALUES (133, 501090, NULL);
INSERT INTO "release" VALUES (134, 74934, NULL);
INSERT INTO "release" VALUES (135, 6453, NULL);
INSERT INTO "release" VALUES (136, 353131, NULL);
CREATE TABLE release_gids(
id INTEGER PRIMARY KEY,
release INTEGER,
gid TEXT,
FOREIGN KEY(release) REFERENCES release(id)
);
CREATE TABLE release_html(
id INTEGER PRIMARY KEY,
release INTEGER UNIQUE,
filename TEXT,
FOREIGN KEY(release) REFERENCES release(id)
);
INSERT INTO "release_html" VALUES (1, 1, '/www/scatterbrainz/scatterbrainz/external/dbs/what/bh0085_files/8.html');
INSERT INTO "release_html" VALUES (2, 2, '/www/scatterbrainz/scatterbrainz/external/dbs/what/bh0085_files/9.html');
INSERT INTO "release_html" VALUES (3, 3, '/www/scatterbrainz/scatterbrainz/external/dbs/what/bh0085_files/10.html');
INSERT INTO "release_html" VALUES (4, 4, '/www/scatterbrainz/scatterbrainz/external/dbs/what/bh0085_files/11.html');
INSERT INTO "release_html" VALUES (5, 5, '/www/scatterbrainz/scatterbrainz/external/dbs/what/bh0085_files/12.html');
INSERT INTO "release_html" VALUES (6, 6, '/www/scatterbrainz/scatterbrainz/external/dbs/what/bh0085_files/13.html');
INSERT INTO "release_html" VALUES (7, 7, '/www/scatterbrainz/scatterbrainz/external/dbs/what/bh0085_files/14.html');
INSERT INTO "release_html" VALUES (8, 8, '/www/scatterbrainz/scatterbrainz/external/dbs/what/bh0085_files/15.html');
INSERT INTO "release_html" VALUES (9, 9, '/www/scatterbrainz/scatterbrainz/external/dbs/what/bh0085_files/16.html');
INSERT INTO "release_html" VALUES (10, 10, '/www/scatterbrainz/scatterbrainz/external/dbs/what/bh0085_files/17.html');
INSERT INTO "release_html" VALUES (11, 11, '/www/scatterbrainz/scatterbrainz/external/dbs/what/bh0085_files/18.html');
INSERT INTO "release_html" VALUES (12, 12, '/www/scatterbrainz/scatterbrainz/external/dbs/what/bh0085_files/19.html');
INSERT INTO "release_html" VALUES (13, 13, '/www/scatterbrainz/scatterbrainz/external/dbs/what/bh0085_files/20.html');
INSERT INTO "release_html" VALUES (14, 14, '/www/scatterbrainz/scatterbrainz/external/dbs/what/bh0085_files/21.html');
INSERT INTO "release_html" VALUES (15, 15, '/www/scatterbrainz/scatterbrainz/external/dbs/what/bh0085_files/22.html');
INSERT INTO "release_html" VALUES (16, 16, '/www/scatterbrainz/scatterbrainz/external/dbs/what/bh0085_files/23.html');
INSERT INTO "release_html" VALUES (17, 17, '/www/scatterbrainz/scatterbrainz/external/dbs/what/bh0085_files/24.html');
INSERT INTO "release_html" VALUES (18, 18, '/www/scatterbrainz/scatterbrainz/external/dbs/what/bh0085_files/25.html');
INSERT INTO "release_html" VALUES (19, 19, '/www/scatterbrainz/scatterbrainz/external/dbs/what/bh0085_files/26.html');
INSERT INTO "release_html" VALUES (20, 20, '/www/scatterbrainz/scatterbrainz/external/dbs/what/bh0085_files/27.html');
INSERT INTO "release_html" VALUES (21, 21, '/www/scatterbrainz/scatterbrainz/external/dbs/what/bh0085_files/28.html');
INSERT INTO "release_html" VALUES (22, 22, '/www/scatterbrainz/scatterbrainz/external/dbs/what/bh0085_files/29.html');
INSERT INTO "release_html" VALUES (23, 23, '/www/scatterbrainz/scatterbrainz/external/dbs/what/bh0085_files/30.html');
INSERT INTO "release_html" VALUES (24, 24, '/www/scatterbrainz/scatterbrainz/external/dbs/what/bh0085_files/31.html');
INSERT INTO "release_html" VALUES (25, 25, '/www/scatterbrainz/scatterbrainz/external/dbs/what/bh0085_files/32.html');
INSERT INTO "release_html" VALUES (26, 26, '/www/scatterbrainz/scatterbrainz/external/dbs/what/bh0085_files/33.html');
INSERT INTO "release_html" VALUES (27, 27, '/www/scatterbrainz/scatterbrainz/external/dbs/what/bh0085_files/34.html');
INSERT INTO "release_html" VALUES (28, 28, '/www/scatterbrainz/scatterbrainz/external/dbs/what/bh0085_files/35.html');
INSERT INTO "release_html" VALUES (29, 29, '/www/scatterbrainz/scatterbrainz/external/dbs/what/bh0085_files/36.html');
INSERT INTO "release_html" VALUES (30, 30, '/www/scatterbrainz/scatterbrainz/external/dbs/what/bh0085_files/37.html');
INSERT INTO "release_html" VALUES (31, 31, '/www/scatterbrainz/scatterbrainz/external/dbs/what/bh0085_files/38.html');
INSERT INTO "release_html" VALUES (32, 32, '/www/scatterbrainz/scatterbrainz/external/dbs/what/bh0085_files/39.html');
INSERT INTO "release_html" VALUES (33, 33, '/www/scatterbrainz/scatterbrainz/external/dbs/what/bh0085_files/40.html');
INSERT INTO "release_html" VALUES (34, 34, '/www/scatterbrainz/scatterbrainz/external/dbs/what/bh0085_files/41.html');
INSERT INTO "release_html" VALUES (35, 35, '/www/scatterbrainz/scatterbrainz/external/dbs/what/bh0085_files/42.html');
INSERT INTO "release_html" VALUES (36, 36, '/www/scatterbrainz/scatterbrainz/external/dbs/what/bh0085_files/43.html');
INSERT INTO "release_html" VALUES (37, 37, '/www/scatterbrainz/scatterbrainz/external/dbs/what/bh0085_files/44.html');
INSERT INTO "release_html" VALUES (38, 38, '/www/scatterbrainz/scatterbrainz/external/dbs/what/bh0085_files/45.html');
INSERT INTO "release_html" VALUES (39, 39, '/www/scatterbrainz/scatterbrainz/external/dbs/what/bh0085_files/46.html');
INSERT INTO "release_html" VALUES (40, 40, '/www/scatterbrainz/scatterbrainz/external/dbs/what/bh0085_files/47.html');
INSERT INTO "release_html" VALUES (41, 41, '/www/scatterbrainz/scatterbrainz/external/dbs/what/bh0085_files/48.html');
INSERT INTO "release_html" VALUES (42, 42, '/www/scatterbrainz/scatterbrainz/external/dbs/what/bh0085_files/49.html');
INSERT INTO "release_html" VALUES (43, 43, '/www/scatterbrainz/scatterbrainz/external/dbs/what/bh0085_files/50.html');
INSERT INTO "release_html" VALUES (44, 44, '/www/scatterbrainz/scatterbrainz/external/dbs/what/bh0085_files/51.html');
INSERT INTO "release_html" VALUES (45, 45, '/www/scatterbrainz/scatterbrainz/external/dbs/what/bh0085_files/52.html');
INSERT INTO "release_html" VALUES (46, 46, '/www/scatterbrainz/scatterbrainz/external/dbs/what/bh0085_files/53.html');
INSERT INTO "release_html" VALUES (47, 47, '/www/scatterbrainz/scatterbrainz/external/dbs/what/bh0085_files/54.html');
INSERT INTO "release_html" VALUES (48, 48, '/www/scatterbrainz/scatterbrainz/external/dbs/what/bh0085_files/55.html');
INSERT INTO "release_html" VALUES (49, 49, '/www/scatterbrainz/scatterbrainz/external/dbs/what/bh0085_files/56.html');
INSERT INTO "release_html" VALUES (50, 50, '/www/scatterbrainz/scatterbrainz/external/dbs/what/bh0085_files/57.html');
INSERT INTO "release_html" VALUES (51, 51, '/www/scatterbrainz/scatterbrainz/external/dbs/what/bh0085_files/58.html');
INSERT INTO "release_html" VALUES (52, 52, '/www/scatterbrainz/scatterbrainz/external/dbs/what/bh0085_files/59.html');
INSERT INTO "release_html" VALUES (53, 53, '/www/scatterbrainz/scatterbrainz/external/dbs/what/bh0085_files/60.html');
INSERT INTO "release_html" VALUES (54, 54, '/www/scatterbrainz/scatterbrainz/external/dbs/what/bh0085_files/61.html');
INSERT INTO "release_html" VALUES (55, 55, '/www/scatterbrainz/scatterbrainz/external/dbs/what/bh0085_files/62.html');
INSERT INTO "release_html" VALUES (56, 56, '/www/scatterbrainz/scatterbrainz/external/dbs/what/bh0085_files/63.html');
INSERT INTO "release_html" VALUES (57, 57, '/www/scatterbrainz/scatterbrainz/external/dbs/what/bh0085_files/64.html');
INSERT INTO "release_html" VALUES (58, 58, '/www/scatterbrainz/scatterbrainz/external/dbs/what/bh0085_files/65.html');
INSERT INTO "release_html" VALUES (59, 59, '/www/scatterbrainz/scatterbrainz/external/dbs/what/bh0085_files/66.html');
INSERT INTO "release_html" VALUES (60, 60, '/www/scatterbrainz/scatterbrainz/external/dbs/what/bh0085_files/67.html');
INSERT INTO "release_html" VALUES (61, 61, '/www/scatterbrainz/scatterbrainz/external/dbs/what/bh0085_files/68.html');
INSERT INTO "release_html" VALUES (62, 62, '/www/scatterbrainz/scatterbrainz/external/dbs/what/bh0085_files/69.html');
INSERT INTO "release_html" VALUES (63, 63, '/www/scatterbrainz/scatterbrainz/external/dbs/what/bh0085_files/70.html');
INSERT INTO "release_html" VALUES (64, 64, '/www/scatterbrainz/scatterbrainz/external/dbs/what/bh0085_files/71.html');
INSERT INTO "release_html" VALUES (65, 65, '/www/scatterbrainz/scatterbrainz/external/dbs/what/bh0085_files/72.html');
INSERT INTO "release_html" VALUES (66, 66, '/www/scatterbrainz/scatterbrainz/external/dbs/what/bh0085_files/73.html');
INSERT INTO "release_html" VALUES (67, 67, '/www/scatterbrainz/scatterbrainz/external/dbs/what/bh0085_files/74.html');
INSERT INTO "release_html" VALUES (68, 68, '/www/scatterbrainz/scatterbrainz/external/dbs/what/bh0085_files/75.html');
INSERT INTO "release_html" VALUES (69, 69, '/www/scatterbrainz/scatterbrainz/external/dbs/what/bh0085_files/76.html');
INSERT INTO "release_html" VALUES (70, 70, '/www/scatterbrainz/scatterbrainz/external/dbs/what/bh0085_files/77.html');
INSERT INTO "release_html" VALUES (71, 71, '/www/scatterbrainz/scatterbrainz/external/dbs/what/bh0085_files/78.html');
INSERT INTO "release_html" VALUES (72, 72, '/www/scatterbrainz/scatterbrainz/external/dbs/what/bh0085_files/79.html');
INSERT INTO "release_html" VALUES (73, 73, '/www/scatterbrainz/scatterbrainz/external/dbs/what/bh0085_files/80.html');
INSERT INTO "release_html" VALUES (74, 74, '/www/scatterbrainz/scatterbrainz/external/dbs/what/bh0085_files/81.html');
INSERT INTO "release_html" VALUES (75, 75, '/www/scatterbrainz/scatterbrainz/external/dbs/what/bh0085_files/82.html');
INSERT INTO "release_html" VALUES (76, 76, '/www/scatterbrainz/scatterbrainz/external/dbs/what/bh0085_files/83.html');
INSERT INTO "release_html" VALUES (77, 77, '/www/scatterbrainz/scatterbrainz/external/dbs/what/bh0085_files/84.html');
INSERT INTO "release_html" VALUES (78, 78, '/www/scatterbrainz/scatterbrainz/external/dbs/what/bh0085_files/85.html');
INSERT INTO "release_html" VALUES (79, 79, '/www/scatterbrainz/scatterbrainz/external/dbs/what/bh0085_files/86.html');
INSERT INTO "release_html" VALUES (80, 80, '/www/scatterbrainz/scatterbrainz/external/dbs/what/bh0085_files/87.html');
INSERT INTO "release_html" VALUES (81, 81, '/www/scatterbrainz/scatterbrainz/external/dbs/what/bh0085_files/88.html');
INSERT INTO "release_html" VALUES (82, 82, '/www/scatterbrainz/scatterbrainz/external/dbs/what/bh0085_files/89.html');
INSERT INTO "release_html" VALUES (83, 83, '/www/scatterbrainz/scatterbrainz/external/dbs/what/bh0085_files/90.html');
INSERT INTO "release_html" VALUES (84, 84, '/www/scatterbrainz/scatterbrainz/external/dbs/what/bh0085_files/91.html');
INSERT INTO "release_html" VALUES (85, 85, '/www/scatterbrainz/scatterbrainz/external/dbs/what/bh0085_files/92.html');
INSERT INTO "release_html" VALUES (86, 86, '/www/scatterbrainz/scatterbrainz/external/dbs/what/bh0085_files/93.html');
INSERT INTO "release_html" VALUES (87, 87, '/www/scatterbrainz/scatterbrainz/external/dbs/what/bh0085_files/94.html');
INSERT INTO "release_html" VALUES (88, 88, '/www/scatterbrainz/scatterbrainz/external/dbs/what/bh0085_files/95.html');
INSERT INTO "release_html" VALUES (89, 89, '/www/scatterbrainz/scatterbrainz/external/dbs/what/bh0085_files/96.html');
INSERT INTO "release_html" VALUES (90, 90, '/www/scatterbrainz/scatterbrainz/external/dbs/what/bh0085_files/97.html');
INSERT INTO "release_html" VALUES (91, 91, '/www/scatterbrainz/scatterbrainz/external/dbs/what/bh0085_files/98.html');
INSERT INTO "release_html" VALUES (92, 92, '/www/scatterbrainz/scatterbrainz/external/dbs/what/bh0085_files/99.html');
INSERT INTO "release_html" VALUES (93, 93, '/www/scatterbrainz/scatterbrainz/external/dbs/what/bh0085_files/100.html');
INSERT INTO "release_html" VALUES (94, 94, '/www/scatterbrainz/scatterbrainz/external/dbs/what/bh0085_files/101.html');
INSERT INTO "release_html" VALUES (95, 95, '/www/scatterbrainz/scatterbrainz/external/dbs/what/bh0085_files/102.html');
INSERT INTO "release_html" VALUES (96, 96, '/www/scatterbrainz/scatterbrainz/external/dbs/what/bh0085_files/103.html');
INSERT INTO "release_html" VALUES (97, 97, '/www/scatterbrainz/scatterbrainz/external/dbs/what/bh0085_files/104.html');
INSERT INTO "release_html" VALUES (98, 98, '/www/scatterbrainz/scatterbrainz/external/dbs/what/bh0085_files/105.html');
INSERT INTO "release_html" VALUES (99, 99, '/www/scatterbrainz/scatterbrainz/external/dbs/what/bh0085_files/106.html');
INSERT INTO "release_html" VALUES (100, 100, '/www/scatterbrainz/scatterbrainz/external/dbs/what/bh0085_files/107.html');
INSERT INTO "release_html" VALUES (101, 101, '/www/scatterbrainz/scatterbrainz/external/dbs/what/bh0085_files/279.html');
INSERT INTO "release_html" VALUES (102, 102, '/www/scatterbrainz/scatterbrainz/external/dbs/what/bh0085_files/280.html');
INSERT INTO "release_html" VALUES (103, 103, '/www/scatterbrainz/scatterbrainz/external/dbs/what/bh0085_files/281.html');
INSERT INTO "release_html" VALUES (104, 104, '/www/scatterbrainz/scatterbrainz/external/dbs/what/bh0085_files/282.html');
INSERT INTO "release_html" VALUES (105, 105, '/www/scatterbrainz/scatterbrainz/external/dbs/what/bh0085_files/283.html');
INSERT INTO "release_html" VALUES (106, 106, '/www/scatterbrainz/scatterbrainz/external/dbs/what/bh0085_files/284.html');
INSERT INTO "release_html" VALUES (107, 107, '/www/scatterbrainz/scatterbrainz/external/dbs/what/bh0085_files/285.html');
INSERT INTO "release_html" VALUES (108, 108, '/www/scatterbrainz/scatterbrainz/external/dbs/what/bh0085_files/286.html');
INSERT INTO "release_html" VALUES (109, 109, '/www/scatterbrainz/scatterbrainz/external/dbs/what/bh0085_files/287.html');
INSERT INTO "release_html" VALUES (110, 110, '/www/scatterbrainz/scatterbrainz/external/dbs/what/bh0085_files/288.html');
INSERT INTO "release_html" VALUES (111, 111, '/www/scatterbrainz/scatterbrainz/external/dbs/what/bh0085_files/289.html');
INSERT INTO "release_html" VALUES (112, 112, '/www/scatterbrainz/scatterbrainz/external/dbs/what/bh0085_files/290.html');
INSERT INTO "release_html" VALUES (113, 113, '/www/scatterbrainz/scatterbrainz/external/dbs/what/bh0085_files/291.html');
INSERT INTO "release_html" VALUES (114, 114, '/www/scatterbrainz/scatterbrainz/external/dbs/what/bh0085_files/292.html');
INSERT INTO "release_html" VALUES (115, 115, '/www/scatterbrainz/scatterbrainz/external/dbs/what/bh0085_files/293.html');
INSERT INTO "release_html" VALUES (116, 116, '/www/scatterbrainz/scatterbrainz/external/dbs/what/bh0085_files/294.html');
INSERT INTO "release_html" VALUES (117, 117, '/www/scatterbrainz/scatterbrainz/external/dbs/what/bh0085_files/295.html');
INSERT INTO "release_html" VALUES (118, 118, '/www/scatterbrainz/scatterbrainz/external/dbs/what/bh0085_files/296.html');
INSERT INTO "release_html" VALUES (119, 119, '/www/scatterbrainz/scatterbrainz/external/dbs/what/bh0085_files/297.html');
INSERT INTO "release_html" VALUES (120, 120, '/www/scatterbrainz/scatterbrainz/external/dbs/what/bh0085_files/298.html');
INSERT INTO "release_html" VALUES (121, 121, '/www/scatterbrainz/scatterbrainz/external/dbs/what/bh0085_files/299.html');
INSERT INTO "release_html" VALUES (122, 122, '/www/scatterbrainz/scatterbrainz/external/dbs/what/bh0085_files/300.html');
INSERT INTO "release_html" VALUES (123, 123, '/www/scatterbrainz/scatterbrainz/external/dbs/what/bh0085_files/301.html');
INSERT INTO "release_html" VALUES (124, 124, '/www/scatterbrainz/scatterbrainz/external/dbs/what/bh0085_files/302.html');
INSERT INTO "release_html" VALUES (125, 125, '/www/scatterbrainz/scatterbrainz/external/dbs/what/bh0085_files/303.html');
INSERT INTO "release_html" VALUES (126, 126, '/www/scatterbrainz/scatterbrainz/external/dbs/what/bh0085_files/304.html');
INSERT INTO "release_html" VALUES (127, 127, '/www/scatterbrainz/scatterbrainz/external/dbs/what/bh0085_files/305.html');
INSERT INTO "release_html" VALUES (128, 128, '/www/scatterbrainz/scatterbrainz/external/dbs/what/bh0085_files/306.html');
INSERT INTO "release_html" VALUES (129, 129, '/www/scatterbrainz/scatterbrainz/external/dbs/what/bh0085_files/307.html');
INSERT INTO "release_html" VALUES (130, 130, '/www/scatterbrainz/scatterbrainz/external/dbs/what/bh0085_files/308.html');
INSERT INTO "release_html" VALUES (131, 131, '/www/scatterbrainz/scatterbrainz/external/dbs/what/bh0085_files/309.html');
INSERT INTO "release_html" VALUES (132, 132, '/www/scatterbrainz/scatterbrainz/external/dbs/what/bh0085_files/310.html');
INSERT INTO "release_html" VALUES (133, 133, '/www/scatterbrainz/scatterbrainz/external/dbs/what/bh0085_files/311.html');
INSERT INTO "release_html" VALUES (134, 134, '/www/scatterbrainz/scatterbrainz/external/dbs/what/bh0085_files/312.html');
INSERT INTO "release_html" VALUES (135, 135, '/www/scatterbrainz/scatterbrainz/external/dbs/what/bh0085_files/313.html');
INSERT INTO "release_html" VALUES (136, 136, '/www/scatterbrainz/scatterbrainz/external/dbs/what/bh0085_files/314.html');
CREATE TABLE "test" (
"t1" TEXT PRIMARY KEY DEFAULT NULL);
INSERT INTO "test" VALUES ('tt');
